{
  "original": {
    "mean": -279.45259304769075,
    "std": 380.92982924796587,
    "min": -805.8697980583199,
    "max": 0.0,
    "lung_ratio": 0.3512153625488281
  },
  "augmentations": {
    "elastic_deformation": {
      "mean": -279.8518632260943,
      "std": 380.2327652795308,
      "min": -805.6869282578084,
      "max": 0.0,
      "mse": 79264.05179435416,
      "psnr": -0.8599590782359738,
      "mask_change": 0.121673583984375,
      "lung_ratio": 0.3525123596191406
    },
    "intensity_transform": {
      "mean": -313.288370961998,
      "std": 495.2087780223556,
      "min": -997.630737475816,
      "max": 50.0,
      "mse": 14204.538000045924,
      "psnr": 6.6065324792642235,
      "mask_change": 0.0,
      "lung_ratio": 0.3512153625488281
    },
    "noise_addition": {
      "mean": -279.52291679002207,
      "std": 381.2557688543715,
      "min": -867.363641386931,
      "max": 62.16142390877681,
      "mse": 225.25014928571815,
      "psnr": 24.60415273385768,
      "mask_change": 0.0,
      "lung_ratio": 0.3512153625488281
    },
    "partial_occlusion": {
      "mean": -235.95898870271043,
      "std": 492.0414497672502,
      "min": -805.8697980583199,
      "max": 2000.0,
      "mse": 99394.27131322073,
      "psnr": -1.8428099326026053,
      "mask_change": 0.0,
      "lung_ratio": 0.3512153625488281
    }
  }
}